#ffffff,#ffffff,#ffffff,#ffffff,#ffffff,#ffffff,#ffffff,#ffffff,#ffffff,#ffffff,#ffffff,#ffffff,#ffffff,#ffffff,#ffffff,#ffffff,#ffffff,#ffffff,#ffffff,#ffffff,#ffffff,#ffffff,#ffffff,#ffffff,#ffffff,#ffffff,#ffffff,#ffffff,#ffffff,#ffffff,#ffffff,#ffffff,#ffffff,#ffffff,#ffffff,#ffffff,#ffffff,#ffffff,#ffffff,#ffffff,#ffffff,#ffffff,#ffffff,#ffffff,#ffffff,#ffffff,#ffffff,#ffffff,#ffffff,#ffffff,#ffffff,#ffffff,#ffffff,#ffffff,#ffffff,#ffffff,#ffffff,#ffffff,#ffffff,#ffffff,#ffffff,#ffffff,#ffffff,#ffffff,#ffffff,#ffffff,#ffffff,#ffffff,#ffffff,#ffffff,#ffffff,#ffffff,#ffffff,#ffffff,#ffffff
#ffffff,#ffffff,#ffffff,#ffffff,#ffffff,#ffffff,#ffffff,#ffffff,#ffffff,#ffffff,#ffffff,#ffffff,#ffffff,#ffffff,#ffffff,#ffffff,#ffffff,#ffffff,#ffffff,#ffffff,#ffffff,#ffffff,#ffffff,#ffffff,#ffffff,#ffffff,#ffffff,#ffffff,#ffffff,#ffffff,#ffffff,#ffffff,#ffffff,#ffffff,#ffffff,#ffffff,#ffffff,#ffffff,#ffffff,#ffffff,#ffffff,#ffffff,#ffffff,#ffffff,#ffffff,#ffffff,#ffffff,#ffffff,#ffffff,#ffffff,#ffffff,#ffffff,#ffffff,#ffffff,#ffffff,#ffffff,#ffffff,#ffffff,#ffffff,#ffffff,#ffffff,#ffffff,#ffffff,#ffffff,#ffffff,#ffffff,#ffffff,#ffffff,#ffffff,#ffffff,#ffffff,#ffffff,#ffffff,#ffffff,#ffffff
#ffffff,#ffffff,#ffffff,#ffffff,#ffffff,#ffffff,#ffffff,#ffffff,#ffffff,#ffffff,#ffffff,#ffffff,#ffffff,#ffffff,#ffffff,#ffffff,#ffffff,#ffffff,#ffffff,#ffffff,#ffffff,#ffffff,#ffffff,#ffffff,#ffffff,#ffffff,#ffffff,#ffffff,#ffffff,#ffffff,#ffffff,#ffffff,#ffffff,#ffffff,#ffffff,#ffffff,#ffffff,#ffffff,#ffffff,#ffffff,#ffffff,#ffffff,#ffffff,#ffffff,#ffffff,#ffffff,#ffffff,#ffffff,#ffffff,#ffffff,#ffffff,#ffffff,#ffffff,#ffffff,#ffffff,#ffffff,#ffffff,#ffffff,#ffffff,#ffffff,#ffffff,#ffffff,#ffffff,#ffffff,#ffffff,#ffffff,#ffffff,#ffffff,#ffffff,#ffffff,#ffffff,#ffffff,#ffffff,#ffffff,#ffffff
#ffffff,#ffffff,#ffffff,#ffffff,#ffffff,#ffffff,#ffffff,#ffffff,#ffffff,#ffffff,#ffffff,#ffffff,#ffffff,#ffffff,#ffffff,#ffffff,#ffffff,#ffffff,#ffffff,#ffffff,#ffffff,#ffffff,#ffffff,#ffffff,#ffffff,#ffffff,#ffffff,#ffffff,#ffffff,#ffffff,#ffffff,#ffffff,#ffffff,#ffffff,#ffffff,#ffffff,#ffffff,#ffffff,#ffffff,#ffffff,#7f6000,#7f6000,#7f6000,#7f6000,#ffffff,#ffffff,#ffffff,#ffffff,#ffffff,#ffffff,#ffffff,#ffffff,#ffffff,#ffffff,#ffffff,#ffffff,#ffffff,#ffffff,#ffffff,#ffffff,#ffffff,#ffffff,#ffffff,#ffffff,#ffffff,#ffffff,#ffffff,#ffffff,#ffffff,#ffffff,#ffffff,#ffffff,#ffffff,#ffffff,#ffffff
#ffffff,#ffffff,#ffffff,#ffffff,#ffffff,#ffffff,#ffffff,#ffffff,#ffffff,#ffffff,#ffffff,#ffffff,#ffffff,#ffffff,#ffffff,#ffffff,#ffffff,#ffffff,#ffffff,#ffffff,#ffffff,#ffffff,#ffffff,#ffffff,#ffffff,#ffffff,#ffffff,#ffffff,#ffffff,#ffffff,#ffffff,#ffffff,#ffffff,#ffffff,#ffffff,#ffffff,#ffffff,#ffffff,#7f6000,#7f6000,#7f6000,#bf9000,#bf9000,#7f6000,#ffffff,#ffffff,#ffffff,#ffffff,#ffffff,#ffffff,#ffffff,#ffffff,#ffffff,#ffffff,#ffffff,#ffffff,#ffffff,#ffffff,#ffffff,#ffffff,#ffffff,#ffffff,#ffffff,#ffffff,#ffffff,#ffffff,#ffffff,#ffffff,#ffffff,#ffffff,#ffffff,#ffffff,#ffffff,#ffffff,#ffffff
#ffffff,#ffffff,#ffffff,#ffffff,#ffffff,#ffffff,#ffffff,#ffffff,#ffffff,#ffffff,#ffffff,#ffffff,#ffffff,#ffffff,#ffffff,#ffffff,#ffffff,#ffffff,#ffffff,#ffffff,#ffffff,#ffffff,#ffffff,#ffffff,#ffffff,#ffffff,#ffffff,#ffffff,#ffffff,#ffffff,#ffffff,#ffffff,#ffffff,#ffffff,#ffffff,#ffffff,#ffffff,#7f6000,#bf9000,#bf9000,#bf9000,#bf9000,#7f6000,#ffffff,#ffffff,#ffffff,#ffffff,#ffffff,#ffffff,#ffffff,#ffffff,#ffffff,#ffffff,#ffffff,#ffffff,#ffffff,#ffffff,#ffffff,#ffffff,#ffffff,#ffffff,#ffffff,#ffffff,#ffffff,#ffffff,#ffffff,#ffffff,#ffffff,#ffffff,#ffffff,#ffffff,#ffffff,#ffffff,#ffffff,#ffffff
#ffffff,#ffffff,#ffffff,#ffffff,#ffffff,#ffffff,#ffffff,#ffffff,#ffffff,#ffffff,#ffffff,#ffffff,#ffffff,#ffffff,#ffffff,#ffffff,#ffffff,#ffffff,#ffffff,#ffffff,#ffffff,#ffffff,#ffffff,#ffffff,#ffffff,#ffffff,#ffffff,#ffffff,#ffffff,#ffffff,#ffffff,#ffffff,#ffffff,#ffffff,#ffffff,#ffffff,#7f6000,#bf9000,#bf9000,#bf9000,#bf9000,#7f6000,#ffffff,#ffffff,#ffffff,#ffffff,#ffffff,#ffffff,#ffffff,#ffffff,#ffffff,#ffffff,#ffffff,#ffffff,#ffffff,#ffffff,#ffffff,#ffffff,#ffffff,#ffffff,#ffffff,#ffffff,#ffffff,#ffffff,#ffffff,#ffffff,#ffffff,#ffffff,#ffffff,#ffffff,#ffffff,#ffffff,#ffffff,#ffffff,#ffffff
#ffffff,#ffffff,#ffffff,#ffffff,#ffffff,#ffffff,#ffffff,#ffffff,#ffffff,#ffffff,#ffffff,#ffffff,#ffffff,#ffffff,#ffffff,#ffffff,#ffffff,#ffffff,#ffffff,#ffffff,#ffffff,#ffffff,#ffffff,#ffffff,#ffffff,#ffffff,#ffffff,#ffffff,#ffffff,#ffffff,#ffffff,#ffffff,#ffffff,#ffffff,#ffffff,#7f6000,#bf9000,#bf9000,#bf9000,#bf9000,#7f6000,#7f6000,#ffffff,#ffffff,#ffffff,#ffffff,#ffffff,#ffffff,#ffffff,#ffffff,#ffffff,#ffffff,#ffffff,#ffffff,#ffffff,#ffffff,#ffffff,#ffffff,#ffffff,#ffffff,#ffffff,#ffffff,#ffffff,#ffffff,#ffffff,#ffffff,#ffffff,#ffffff,#ffffff,#ffffff,#ffffff,#ffffff,#ffffff,#ffffff,#ffffff
#ffffff,#ffffff,#ffffff,#ffffff,#ffffff,#ffffff,#ffffff,#ffffff,#ffffff,#ffffff,#ffffff,#ffffff,#ffffff,#ffffff,#ffffff,#ffffff,#ffffff,#ffffff,#ffffff,#ffffff,#ffffff,#ffffff,#ffffff,#ffffff,#ffffff,#ffffff,#ffffff,#ffffff,#ffffff,#ffffff,#ffffff,#ffffff,#ffffff,#ffffff,#ffffff,#bf9000,#bf9000,#bf9000,#bf9000,#bf9000,#bf9000,#7f6000,#ffffff,#ffffff,#ffffff,#ffffff,#ffffff,#ffffff,#ffffff,#ffffff,#ffffff,#ffffff,#ffffff,#ffffff,#ffffff,#ffffff,#ffffff,#ffffff,#ffffff,#ffffff,#ffffff,#ffffff,#ffffff,#ffffff,#ffffff,#ffffff,#ffffff,#ffffff,#ffffff,#ffffff,#ffffff,#ffffff,#ffffff,#ffffff,#ffffff
#ffffff,#ffffff,#ffffff,#ffffff,#ffffff,#ffffff,#ffffff,#ffffff,#ffffff,#ffffff,#ffffff,#ffffff,#ffffff,#ffffff,#ffffff,#ffffff,#ffffff,#ffffff,#ffffff,#ffffff,#ffffff,#ffffff,#ffffff,#ffffff,#ffffff,#ffffff,#ffffff,#ffffff,#ffffff,#ffffff,#ffffff,#ffffff,#ffffff,#ffffff,#7f6000,#5a4606,#bf9000,#bf9000,#bf9000,#bf9000,#bf9000,#7f6000,#ffffff,#ffffff,#ffffff,#ffffff,#ffffff,#ffffff,#ffffff,#ffffff,#ffffff,#ffffff,#ffffff,#ffffff,#ffffff,#ffffff,#ffffff,#ffffff,#ffffff,#ffffff,#ffffff,#ffffff,#ffffff,#ffffff,#ffffff,#ffffff,#ffffff,#ffffff,#ffffff,#ffffff,#ffffff,#ffffff,#ffffff,#ffffff,#ffffff
#ffffff,#ffffff,#ffffff,#ffffff,#ffffff,#ffffff,#ffffff,#ffffff,#ffffff,#ffffff,#ffffff,#ffffff,#ffffff,#ffffff,#ffffff,#ffffff,#ffffff,#ffffff,#ffffff,#ffffff,#ffffff,#ffffff,#ffffff,#ffffff,#ffffff,#ffffff,#ffffff,#ffffff,#ffffff,#ffffff,#ffffff,#ffffff,#ffffff,#7f6000,#bf9000,#bf9000,#5a4606,#bf9000,#bf9000,#bf9000,#bf9000,#7f6000,#ffffff,#ffffff,#ffffff,#ffffff,#ffffff,#ffffff,#ffffff,#ffffff,#ffffff,#ffffff,#ffffff,#ffffff,#ffffff,#ffffff,#ffffff,#ffffff,#ffffff,#ffffff,#ffffff,#ffffff,#ffffff,#ffffff,#ffffff,#ffffff,#ffffff,#ffffff,#ffffff,#ffffff,#ffffff,#ffffff,#ffffff,#ffffff,#ffffff
#ffffff,#ffffff,#ffffff,#ffffff,#ffffff,#ffffff,#ffffff,#ffffff,#ffffff,#ffffff,#ffffff,#ffffff,#ffffff,#ffffff,#ffffff,#ffffff,#ffffff,#ffffff,#ffffff,#ffffff,#ffffff,#ffffff,#ffffff,#ffffff,#ffffff,#ffffff,#ffffff,#ffffff,#ffffff,#ffffff,#ffffff,#ffffff,#ffffff,#7f6000,#bf9000,#bf9000,#bf9000,#bf9000,#bf9000,#bf9000,#bf9000,#7f6000,#ffffff,#ffffff,#ffffff,#ffffff,#ffffff,#ffffff,#ffffff,#ffffff,#ffffff,#ffffff,#ffffff,#ffffff,#ffffff,#ffffff,#ffffff,#ffffff,#ffffff,#ffffff,#ffffff,#ffffff,#ffffff,#ffffff,#ffffff,#ffffff,#ffffff,#ffffff,#ffffff,#ffffff,#ffffff,#ffffff,#ffffff,#ffffff,#ffffff
#ffffff,#ffffff,#ffffff,#ffffff,#ffffff,#ffffff,#ffffff,#ffffff,#ffffff,#ffffff,#ffffff,#ffffff,#ffffff,#ffffff,#ffffff,#ffffff,#ffffff,#ffffff,#ffffff,#ffffff,#ffffff,#ffffff,#ffffff,#ffffff,#ffffff,#ffffff,#ffffff,#ffffff,#ffffff,#ffffff,#ffffff,#ffffff,#7f6000,#bf9000,#bf9000,#bf9000,#bf9000,#bf9000,#bf9000,#bf9000,#bf9000,#7f6000,#ffffff,#ffffff,#ffffff,#ffffff,#ffffff,#ffffff,#ffffff,#ffffff,#ffffff,#ffffff,#ffffff,#ffffff,#ffffff,#ffffff,#ffffff,#ffffff,#ffffff,#999999,#ffffff,#ffffff,#ffffff,#ffffff,#ffffff,#ffffff,#ffffff,#ffffff,#ffffff,#ffffff,#ffffff,#ffffff,#ffffff,#ffffff,#ffffff
#ffffff,#ffffff,#ffffff,#ffffff,#ffffff,#ffffff,#ffffff,#ffffff,#ffffff,#ffffff,#ffffff,#ffffff,#ffffff,#ffffff,#ffffff,#ffffff,#ffffff,#ffffff,#ffffff,#ffffff,#ffffff,#ffffff,#ffffff,#ffffff,#ffffff,#ffffff,#ffffff,#ffffff,#ffffff,#ffffff,#ffffff,#7f6000,#bf9000,#bf9000,#bf9000,#bf9000,#bf9000,#bf9000,#bf9000,#bf9000,#bf9000,#7f6000,#ffffff,#ffffff,#ffffff,#ffffff,#ffffff,#ffffff,#ffffff,#ffffff,#ffffff,#ffffff,#ffffff,#ffffff,#ffffff,#ffffff,#ffffff,#ffffff,#ffffff,#ffffff,#ffffff,#ffffff,#ffffff,#ffffff,#ffffff,#ffffff,#ffffff,#ffffff,#ffffff,#ffffff,#ffffff,#ffffff,#ffffff,#ffffff,#ffffff
#ffffff,#ffffff,#ffffff,#ffffff,#ffffff,#ffffff,#ffffff,#ffffff,#ffffff,#ffffff,#ffffff,#ffffff,#ffffff,#ffffff,#ffffff,#ffffff,#ffffff,#ffffff,#ffffff,#ffffff,#ffffff,#ffffff,#ffffff,#ffffff,#ffffff,#ffffff,#ffffff,#ffffff,#ffffff,#ffffff,#7f6000,#7f6000,#bf9000,#bf9000,#bf9000,#bf9000,#bf9000,#bf9000,#bf9000,#bf9000,#bf9000,#7f6000,#ffffff,#ffffff,#ffffff,#ffffff,#ffffff,#ffffff,#ffffff,#ffffff,#999999,#ffffff,#ffffff,#ffffff,#ffffff,#ffffff,#ffffff,#ffffff,#ffffff,#ffffff,#ffffff,#ffffff,#ffffff,#ffffff,#ffffff,#ffffff,#ffffff,#ffffff,#ffffff,#ffffff,#ffffff,#ffffff,#ffffff,#ffffff,#ffffff
#ffffff,#ffffff,#ffffff,#ffffff,#ffffff,#ffffff,#ffffff,#ffffff,#ffffff,#ffffff,#ffffff,#ffffff,#ffffff,#ffffff,#ffffff,#ffffff,#ffffff,#ffffff,#ffffff,#ffffff,#ffffff,#ffffff,#ffffff,#ffffff,#7f6000,#7f6000,#7f6000,#7f6000,#7f6000,#7f6000,#bf9000,#5a4606,#5a4606,#bf9000,#bf9000,#bf9000,#bf9000,#bf9000,#bf9000,#bf9000,#bf9000,#bf9000,#7f6000,#ffffff,#ffffff,#ffffff,#ffffff,#ffffff,#ffffff,#ffffff,#ffffff,#ffffff,#ffffff,#999999,#ffffff,#ffffff,#ffffff,#999999,#ffffff,#ffffff,#ffffff,#ffffff,#ffffff,#ffffff,#ffffff,#ffffff,#ffffff,#ffffff,#ffffff,#ffffff,#ffffff,#ffffff,#ffffff,#ffffff,#ffffff
#ffffff,#ffffff,#ffffff,#ffffff,#ffffff,#ffffff,#ffffff,#ffffff,#ffffff,#ffffff,#ffffff,#ffffff,#ffffff,#ffffff,#ffffff,#ffffff,#ffffff,#ffffff,#ffffff,#ffffff,#ffffff,#ffffff,#7f6000,#bf9000,#bf9000,#bf9000,#bf9000,#bf9000,#bf9000,#bf9000,#bf9000,#bf9000,#bf9000,#5a4606,#5a4606,#bf9000,#bf9000,#7f6000,#7f6000,#7f6000,#7f6000,#bf9000,#bf9000,#7f6000,#ffffff,#ffffff,#ffffff,#ffffff,#ffffff,#ffffff,#ffffff,#ffffff,#ffffff,#ffffff,#ffffff,#ffffff,#ffffff,#ffffff,#ffffff,#ffffff,#ffffff,#ffffff,#ffffff,#ffffff,#ffffff,#ffffff,#ffffff,#ffffff,#ffffff,#ffffff,#ffffff,#ffffff,#ffffff,#ffffff,#ffffff
#ffffff,#ffffff,#ffffff,#ffffff,#ffffff,#ffffff,#ffffff,#ffffff,#ffffff,#ffffff,#ffffff,#ffffff,#ffffff,#ffffff,#ffffff,#ffffff,#ffffff,#ffffff,#ffffff,#ffffff,#ffffff,#ffffff,#ffffff,#7f6000,#bf9000,#bf9000,#bf9000,#bf9000,#bf9000,#bf9000,#bf9000,#bf9000,#bf9000,#bf9000,#bf9000,#bf9000,#bf9000,#bf9000,#bf9000,#bf9000,#bf9000,#bf9000,#bf9000,#bf9000,#7f6000,#7f6000,#7f6000,#7f6000,#5a4606,#7f6000,#7f6000,#ffffff,#ffffff,#ffffff,#ffffff,#999999,#ffffff,#ffffff,#ffffff,#ffffff,#ffffff,#ffffff,#ffffff,#ffffff,#ffffff,#ffffff,#ffffff,#ffffff,#ffffff,#ffffff,#ffffff,#ffffff,#ffffff,#ffffff,#ffffff
#ffffff,#ffffff,#ffffff,#ffffff,#ffffff,#ffffff,#ffffff,#ffffff,#ffffff,#ffffff,#ffffff,#ffffff,#ffffff,#ffffff,#ffffff,#ffffff,#ffffff,#ffffff,#ffffff,#ffffff,#ffffff,#ffffff,#ffffff,#ffffff,#5a4606,#5a4606,#5a4606,#5a4606,#5a4606,#5a4606,#5a4606,#5a4606,#5a4606,#5a4606,#5a4606,#5a4606,#5a4606,#bf9000,#bf9000,#bf9000,#bf9000,#bf9000,#bf9000,#bf9000,#bf9000,#bf9000,#bf9000,#bf9000,#5a4606,#bf9000,#bf9000,#7f6000,#ffffff,#ffffff,#ffffff,#ffffff,#ffffff,#ffffff,#ffffff,#ffffff,#ffffff,#999999,#ffffff,#ffffff,#ffffff,#ffffff,#ffffff,#ffffff,#ffffff,#ffffff,#ffffff,#ffffff,#ffffff,#ffffff,#ffffff
#ffffff,#ffffff,#ffffff,#ffffff,#ffffff,#ffffff,#ffffff,#ffffff,#ffffff,#ffffff,#ffffff,#ffffff,#ffffff,#ffffff,#ffffff,#ffffff,#ffffff,#ffffff,#ffffff,#ffffff,#ffffff,#ffffff,#ffffff,#ffffff,#ffffff,#ffffff,#ffffff,#ffffff,#ffffff,#462504,#73462c,#73462c,#73462c,#73462c,#73462c,#73462c,#73462c,#5a4606,#5a4606,#5a4606,#5a4606,#5a4606,#5a4606,#5a4606,#5a4606,#5a4606,#bf9000,#bf9000,#bf9000,#bf9000,#bf9000,#7f6000,#ffffff,#ffffff,#ffffff,#ffffff,#ffffff,#ffffff,#ffffff,#ffffff,#ffffff,#ffffff,#ffffff,#ffffff,#ffffff,#ffffff,#ffffff,#ffffff,#ffffff,#ffffff,#ffffff,#ffffff,#ffffff,#ffffff,#ffffff
#ffffff,#ffffff,#ffffff,#ffffff,#ffffff,#ffffff,#ffffff,#ffffff,#ffffff,#ffffff,#ffffff,#ffffff,#ffffff,#ffffff,#ffffff,#ffffff,#ffffff,#ffffff,#ffffff,#ffffff,#ffffff,#ffffff,#ffffff,#ffffff,#ffffff,#ffffff,#ffffff,#ffffff,#ffffff,#462504,#73462c,#73462c,#73462c,#73462c,#73462c,#73462c,#73462c,#73462c,#73462c,#73462c,#73462c,#73462c,#73462c,#73462c,#462504,#5a4606,#5a4606,#5a4606,#5a4606,#5a4606,#5a4606,#ffffff,#444444,#444444,#444444,#444444,#ffffff,#674ea7,#674ea7,#ffffff,#ffffff,#ffffff,#ffffff,#ffffff,#ffffff,#ffffff,#ffffff,#ffffff,#ffffff,#ffffff,#ffffff,#ffffff,#ffffff,#ffffff,#ffffff
#ffffff,#ffffff,#ffffff,#ffffff,#ffffff,#ffffff,#ffffff,#ffffff,#ffffff,#ffffff,#ffffff,#ffffff,#ffffff,#ffffff,#ffffff,#ffffff,#ffffff,#ffffff,#ffffff,#ffffff,#ffffff,#ffffff,#ffffff,#ffffff,#ffffff,#ffffff,#ffffff,#ffffff,#ffffff,#462504,#73462c,#73462c,#73462c,#73462c,#73462c,#73462c,#73462c,#73462c,#73462c,#73462c,#73462c,#73462c,#73462c,#73462c,#462504,#ffffff,#ffffff,#ffffff,#ffffff,#ffffff,#8e7cc3,#444444,#6fa8dc,#6fa8dc,#6fa8dc,#6fa8dc,#674ea7,#444444,#ffffff,#ffffff,#ffffff,#ffffff,#ffffff,#ffffff,#ffffff,#ffffff,#ffffff,#ffffff,#ffffff,#ffffff,#ffffff,#ffffff,#ffffff,#ffffff,#ffffff
#ffffff,#ffffff,#ffffff,#ffffff,#ffffff,#ffffff,#ffffff,#ffffff,#ffffff,#ffffff,#ffffff,#ffffff,#ffffff,#ffffff,#ffffff,#ffffff,#ffffff,#ffffff,#ffffff,#ffffff,#ffffff,#ffffff,#ffffff,#ffffff,#ffffff,#ffffff,#ffffff,#ffffff,#ffffff,#783f04,#e09b79,#e09b79,#e09b79,#000000,#000000,#73462c,#73462c,#73462c,#73462c,#73462c,#73462c,#73462c,#73462c,#73462c,#462504,#ffffff,#999999,#ffffff,#ffffff,#8e7cc3,#674ea7,#6fa8dc,#6fa8dc,#6fa8dc,#6fa8dc,#6fa8dc,#674ea7,#6fa8dc,#444444,#ffffff,#999999,#ffffff,#ffffff,#ffffff,#ffffff,#ffffff,#ffffff,#ffffff,#ffffff,#ffffff,#ffffff,#ffffff,#ffffff,#ffffff,#ffffff
#ffffff,#ffffff,#ffffff,#ffffff,#ffffff,#ffffff,#ffffff,#ffffff,#ffffff,#ffffff,#ffffff,#ffffff,#ffffff,#ffffff,#ffffff,#ffffff,#ffffff,#ffffff,#ffffff,#ffffff,#ffffff,#ffffff,#ffffff,#ffffff,#ffffff,#ffffff,#ffffff,#ffffff,#ffffff,#783f04,#e09b79,#e09b79,#e09b79,#000000,#cc0000,#73462c,#73462c,#73462c,#73462c,#000000,#000000,#73462c,#73462c,#73462c,#462504,#ffffff,#ffffff,#ffffff,#ffffff,#8e7cc3,#674ea7,#6fa8dc,#6fa8dc,#6fa8dc,#6fa8dc,#674ea7,#6fa8dc,#6fa8dc,#444444,#ffffff,#ffffff,#ffffff,#ffffff,#ffffff,#ffffff,#ffffff,#ffffff,#ffffff,#ffffff,#ffffff,#ffffff,#ffffff,#ffffff,#ffffff,#ffffff
#ffffff,#ffffff,#ffffff,#ffffff,#ffffff,#ffffff,#ffffff,#ffffff,#ffffff,#ffffff,#ffffff,#ffffff,#ffffff,#ffffff,#ffffff,#ffffff,#ffffff,#ffffff,#ffffff,#ffffff,#ffffff,#ffffff,#ffffff,#ffffff,#ffffff,#ffffff,#ffffff,#ffffff,#ffffff,#783f04,#e09b79,#e09b79,#e09b79,#000000,#cc0000,#e09b79,#e09b79,#e09b79,#73462c,#000000,#cc0000,#73462c,#73462c,#73462c,#462504,#ffffff,#ffffff,#ffffff,#ffffff,#444444,#8e7cc3,#6fa8dc,#6fa8dc,#6fa8dc,#6fa8dc,#6fa8dc,#6fa8dc,#6fa8dc,#6fa8dc,#444444,#ffffff,#ffffff,#ffffff,#ffffff,#ffffff,#ffffff,#ffffff,#ffffff,#ffffff,#ffffff,#ffffff,#ffffff,#ffffff,#ffffff,#ffffff
#ffffff,#ffffff,#ffffff,#ffffff,#ffffff,#ffffff,#ffffff,#ffffff,#ffffff,#ffffff,#ffffff,#ffffff,#ffffff,#ffffff,#ffffff,#ffffff,#ffffff,#ffffff,#ffffff,#ffffff,#ffffff,#ffffff,#ffffff,#ffffff,#ffffff,#ffffff,#ffffff,#ffffff,#ffffff,#783f04,#e09b79,#e09b79,#e09b79,#e09b79,#e09b79,#e09b79,#e09b79,#e09b79,#e09b79,#e09b79,#73462c,#73462c,#73462c,#73462c,#462504,#ffffff,#ffffff,#ffffff,#ffffff,#444444,#6fa8dc,#6fa8dc,#8e7cc3,#6fa8dc,#6fa8dc,#6fa8dc,#6fa8dc,#6fa8dc,#6fa8dc,#444444,#ffffff,#ffffff,#ffffff,#ffffff,#ffffff,#ffffff,#ffffff,#ffffff,#ffffff,#ffffff,#ffffff,#ffffff,#ffffff,#ffffff,#ffffff
#ffffff,#ffffff,#ffffff,#ffffff,#ffffff,#ffffff,#ffffff,#ffffff,#ffffff,#ffffff,#ffffff,#ffffff,#ffffff,#ffffff,#ffffff,#ffffff,#ffffff,#ffffff,#ffffff,#ffffff,#ffffff,#ffffff,#ffffff,#ffffff,#ffffff,#ffffff,#ffffff,#ffffff,#ffffff,#ffffff,#783f04,#000000,#000000,#000000,#e09b79,#e09b79,#e09b79,#e09b79,#e09b79,#e09b79,#e09b79,#e09b79,#e09b79,#783f04,#ffffff,#ffffff,#ffffff,#ffffff,#ffffff,#444444,#6fa8dc,#6fa8dc,#6fa8dc,#8e7cc3,#8e7cc3,#6fa8dc,#6fa8dc,#6fa8dc,#6fa8dc,#444444,#8e7cc3,#ffffff,#ffffff,#ffffff,#ffffff,#ffffff,#ffffff,#ffffff,#ffffff,#ffffff,#ffffff,#ffffff,#ffffff,#ffffff,#ffffff
#ffffff,#ffffff,#ffffff,#ffffff,#ffffff,#ffffff,#ffffff,#ffffff,#ffffff,#ffffff,#ffffff,#ffffff,#ffffff,#ffffff,#ffffff,#ffffff,#ffffff,#ffffff,#ffffff,#ffffff,#ffffff,#ffffff,#ffffff,#ffffff,#ffffff,#ffffff,#ffffff,#ffffff,#ffffff,#ffffff,#000000,#3d85c6,#3d85c6,#3d85c6,#000000,#e09b79,#e09b79,#e09b79,#e09b79,#e09b79,#e09b79,#e09b79,#e09b79,#783f04,#ffffff,#ffffff,#ffffff,#ffffff,#ffffff,#444444,#6fa8dc,#674ea7,#6fa8dc,#6fa8dc,#674ea7,#8e7cc3,#6fa8dc,#6fa8dc,#6fa8dc,#444444,#ffffff,#8e7cc3,#ffffff,#ffffff,#ffffff,#ffffff,#ffffff,#ffffff,#ffffff,#ffffff,#ffffff,#ffffff,#ffffff,#ffffff,#ffffff
#ffffff,#ffffff,#ffffff,#ffffff,#ffffff,#ffffff,#ffffff,#ffffff,#ffffff,#ffffff,#ffffff,#ffffff,#ffffff,#ffffff,#ffffff,#ffffff,#ffffff,#ffffff,#ffffff,#ffffff,#ffffff,#ffffff,#ffffff,#ffffff,#ffffff,#ffffff,#ffffff,#ffffff,#ffffff,#ffffff,#000000,#3d85c6,#3d85c6,#3d85c6,#3d85c6,#000000,#000000,#000000,#000000,#000000,#000000,#000000,#000000,#ffffff,#ffffff,#ffffff,#ffffff,#ffffff,#ffffff,#444444,#6fa8dc,#674ea7,#6fa8dc,#6fa8dc,#6fa8dc,#6fa8dc,#8e7cc3,#6fa8dc,#444444,#ffffff,#674ea7,#ffffff,#ffffff,#ffffff,#ffffff,#ffffff,#ffffff,#ffffff,#ffffff,#ffffff,#ffffff,#ffffff,#ffffff,#ffffff,#ffffff
#ffffff,#ffffff,#ffffff,#ffffff,#ffffff,#ffffff,#ffffff,#ffffff,#ffffff,#ffffff,#ffffff,#ffffff,#ffffff,#ffffff,#ffffff,#ffffff,#ffffff,#ffffff,#ffffff,#ffffff,#ffffff,#ffffff,#ffffff,#ffffff,#ffffff,#ffffff,#ffffff,#ffffff,#000000,#000000,#000000,#3d85c6,#3d85c6,#3d85c6,#3d85c6,#3d85c6,#3d85c6,#3d85c6,#3d85c6,#3d85c6,#3d85c6,#3d85c6,#000000,#000000,#000000,#ffffff,#ffffff,#ffffff,#ffffff,#ffffff,#444444,#674ea7,#6fa8dc,#6fa8dc,#6fa8dc,#6fa8dc,#444444,#674ea7,#674ea7,#674ea7,#ffffff,#ffffff,#ffffff,#ffffff,#ffffff,#ffffff,#ffffff,#ffffff,#ffffff,#ffffff,#ffffff,#ffffff,#ffffff,#ffffff,#ffffff
#ffffff,#ffffff,#ffffff,#ffffff,#ffffff,#ffffff,#ffffff,#ffffff,#ffffff,#ffffff,#ffffff,#ffffff,#ffffff,#ffffff,#ffffff,#ffffff,#ffffff,#ffffff,#ffffff,#ffffff,#ffffff,#ffffff,#ffffff,#ffffff,#ffffff,#ffffff,#ffffff,#ffffff,#3d85c6,#3d85c6,#000000,#3d85c6,#3d85c6,#3d85c6,#3d85c6,#3d85c6,#3d85c6,#3d85c6,#3d85c6,#3d85c6,#000000,#000000,#3d85c6,#3d85c6,#000000,#000000,#ffffff,#ffffff,#ffffff,#ffffff,#674ea7,#ffffff,#444444,#444444,#444444,#444444,#ffffff,#ffffff,#ffffff,#ffffff,#ffffff,#ffffff,#ffffff,#ffffff,#ffffff,#ffffff,#ffffff,#ffffff,#ffffff,#ffffff,#ffffff,#ffffff,#ffffff,#ffffff,#ffffff
#ffffff,#ffffff,#ffffff,#ffffff,#ffffff,#ffffff,#ffffff,#ffffff,#ffffff,#ffffff,#ffffff,#ffffff,#ffffff,#ffffff,#ffffff,#ffffff,#ffffff,#ffffff,#ffffff,#ffffff,#ffffff,#ffffff,#ffffff,#ffffff,#ffffff,#ffffff,#000000,#000000,#3d85c6,#3d85c6,#3d85c6,#000000,#3d85c6,#3d85c6,#3d85c6,#3d85c6,#3d85c6,#3d85c6,#000000,#000000,#3d85c6,#3d85c6,#3d85c6,#3d85c6,#3d85c6,#000000,#000000,#ffffff,#ffffff,#ffffff,#ffffff,#ffffff,#ffffff,#ffffff,#ffffff,#ffffff,#999999,#ffffff,#ffffff,#ffffff,#ffffff,#ffffff,#ffffff,#ffffff,#ffffff,#ffffff,#ffffff,#ffffff,#ffffff,#ffffff,#ffffff,#ffffff,#ffffff,#ffffff,#ffffff
#ffffff,#ffffff,#ffffff,#ffffff,#ffffff,#ffffff,#ffffff,#ffffff,#ffffff,#ffffff,#ffffff,#ffffff,#ffffff,#ffffff,#ffffff,#ffffff,#ffffff,#ffffff,#ffffff,#ffffff,#ffffff,#ffffff,#ffffff,#ffffff,#ffffff,#000000,#000000,#3d85c6,#3d85c6,#3d85c6,#3d85c6,#000000,#3d85c6,#3d85c6,#3d85c6,#3d85c6,#000000,#000000,#3d85c6,#3d85c6,#3d85c6,#3d85c6,#3d85c6,#3d85c6,#3d85c6,#3d85c6,#000000,#000000,#ffffff,#ffffff,#ffffff,#ffffff,#ffffff,#ffffff,#ffffff,#ffffff,#ffffff,#ffffff,#ffffff,#ffffff,#ffffff,#ffffff,#ffffff,#ffffff,#ffffff,#ffffff,#ffffff,#ffffff,#ffffff,#ffffff,#ffffff,#ffffff,#ffffff,#ffffff,#ffffff
#ffffff,#ffffff,#ffffff,#ffffff,#ffffff,#ffffff,#ffffff,#ffffff,#ffffff,#ffffff,#ffffff,#ffffff,#ffffff,#ffffff,#ffffff,#ffffff,#ffffff,#ffffff,#ffffff,#ffffff,#ffffff,#ffffff,#ffffff,#ffffff,#ffffff,#000000,#3d85c6,#3d85c6,#3d85c6,#3d85c6,#3d85c6,#3d85c6,#000000,#000000,#000000,#000000,#3d85c6,#3d85c6,#3d85c6,#3d85c6,#3d85c6,#3d85c6,#3d85c6,#3d85c6,#3d85c6,#3d85c6,#3d85c6,#3d85c6,#ffffff,#783f04,#783f04,#ffffff,#ffffff,#ffffff,#ffffff,#ffffff,#ffffff,#ffffff,#ffffff,#ffffff,#ffffff,#ffffff,#ffffff,#ffffff,#ffffff,#ffffff,#ffffff,#ffffff,#ffffff,#ffffff,#ffffff,#ffffff,#ffffff,#ffffff,#ffffff
#ffffff,#ffffff,#ffffff,#ffffff,#ffffff,#ffffff,#ffffff,#ffffff,#ffffff,#ffffff,#ffffff,#ffffff,#ffffff,#ffffff,#ffffff,#ffffff,#ffffff,#ffffff,#ffffff,#ffffff,#ffffff,#ffffff,#ffffff,#ffffff,#ffffff,#000000,#3d85c6,#3d85c6,#3d85c6,#3d85c6,#3d85c6,#3d85c6,#3d85c6,#3d85c6,#3d85c6,#3d85c6,#3d85c6,#3d85c6,#3d85c6,#3d85c6,#3d85c6,#3d85c6,#3d85c6,#3d85c6,#3d85c6,#3d85c6,#3d85c6,#000000,#783f04,#d18c63,#d18c63,#783f04,#ffffff,#ffffff,#ffffff,#ffffff,#ffffff,#ffffff,#ffffff,#ffffff,#ffffff,#ffffff,#ffffff,#ffffff,#ffffff,#ffffff,#ffffff,#ffffff,#ffffff,#ffffff,#ffffff,#ffffff,#ffffff,#ffffff,#ffffff
#ffffff,#ffffff,#ffffff,#ffffff,#ffffff,#ffffff,#ffffff,#ffffff,#ffffff,#ffffff,#ffffff,#ffffff,#ffffff,#ffffff,#ffffff,#ffffff,#ffffff,#ffffff,#ffffff,#ffffff,#ffffff,#ffffff,#ffffff,#ffffff,#ffffff,#000000,#3d85c6,#3d85c6,#3d85c6,#3d85c6,#3d85c6,#3d85c6,#3d85c6,#3d85c6,#3d85c6,#3d85c6,#3d85c6,#3d85c6,#3d85c6,#3d85c6,#3d85c6,#3d85c6,#3d85c6,#3d85c6,#3d85c6,#3d85c6,#000000,#000000,#d18c63,#d18c63,#d18c63,#783f04,#ffffff,#ffffff,#ffffff,#ffffff,#ffffff,#ffffff,#ffffff,#ffffff,#ffffff,#ffffff,#ffffff,#ffffff,#ffffff,#ffffff,#ffffff,#ffffff,#ffffff,#ffffff,#ffffff,#ffffff,#ffffff,#ffffff,#ffffff
#ffffff,#ffffff,#ffffff,#ffffff,#ffffff,#ffffff,#ffffff,#ffffff,#ffffff,#ffffff,#ffffff,#ffffff,#ffffff,#ffffff,#ffffff,#ffffff,#ffffff,#ffffff,#ffffff,#ffffff,#ffffff,#ffffff,#ffffff,#ffffff,#ffffff,#000000,#3d85c6,#3d85c6,#3d85c6,#3d85c6,#3d85c6,#3d85c6,#3d85c6,#3d85c6,#3d85c6,#000000,#3d85c6,#3d85c6,#3d85c6,#3d85c6,#3d85c6,#3d85c6,#000000,#3d85c6,#3d85c6,#3d85c6,#000000,#d18c63,#d18c63,#d18c63,#d18c63,#783f04,#ffffff,#ffffff,#ffffff,#ffffff,#ffffff,#ffffff,#ffffff,#ffffff,#ffffff,#ffffff,#ffffff,#ffffff,#ffffff,#ffffff,#ffffff,#ffffff,#ffffff,#ffffff,#ffffff,#ffffff,#ffffff,#ffffff,#ffffff
#ffffff,#ffffff,#ffffff,#ffffff,#ffffff,#ffffff,#ffffff,#ffffff,#ffffff,#ffffff,#ffffff,#ffffff,#ffffff,#ffffff,#ffffff,#ffffff,#ffffff,#ffffff,#ffffff,#ffffff,#ffffff,#ffffff,#ffffff,#ffffff,#000000,#3d85c6,#3d85c6,#3d85c6,#000000,#3d85c6,#3d85c6,#3d85c6,#3d85c6,#3d85c6,#3d85c6,#3d85c6,#000000,#3d85c6,#3d85c6,#3d85c6,#3d85c6,#3d85c6,#3d85c6,#000000,#3d85c6,#000000,#d18c63,#d18c63,#d18c63,#d18c63,#d18c63,#783f04,#ffffff,#ffffff,#ffffff,#ffffff,#ffffff,#ffffff,#ffffff,#ffffff,#ffffff,#ffffff,#ffffff,#ffffff,#ffffff,#ffffff,#ffffff,#ffffff,#ffffff,#ffffff,#ffffff,#ffffff,#ffffff,#ffffff,#ffffff
#ffffff,#ffffff,#ffffff,#ffffff,#ffffff,#ffffff,#ffffff,#ffffff,#ffffff,#ffffff,#ffffff,#ffffff,#ffffff,#ffffff,#ffffff,#ffffff,#ffffff,#ffffff,#ffffff,#ffffff,#ffffff,#ffffff,#ffffff,#ffffff,#783f04,#000000,#3d85c6,#3d85c6,#000000,#3d85c6,#3d85c6,#3d85c6,#3d85c6,#3d85c6,#3d85c6,#3d85c6,#000000,#3d85c6,#3d85c6,#3d85c6,#3d85c6,#3d85c6,#3d85c6,#000000,#000000,#000000,#d18c63,#d18c63,#d18c63,#d18c63,#783f04,#ffffff,#ffffff,#ffffff,#ffffff,#ffffff,#ffffff,#ffffff,#ffffff,#ffffff,#ffffff,#ffffff,#ffffff,#ffffff,#ffffff,#ffffff,#ffffff,#ffffff,#ffffff,#ffffff,#ffffff,#ffffff,#ffffff,#ffffff,#ffffff
#ffffff,#ffffff,#ffffff,#ffffff,#ffffff,#ffffff,#ffffff,#ffffff,#ffffff,#ffffff,#ffffff,#ffffff,#ffffff,#ffffff,#ffffff,#ffffff,#ffffff,#ffffff,#ffffff,#ffffff,#ffffff,#ffffff,#ffffff,#783f04,#e09b79,#e09b79,#000000,#000000,#3d85c6,#000000,#3d85c6,#3d85c6,#3d85c6,#3d85c6,#3d85c6,#3d85c6,#000000,#3d85c6,#3d85c6,#3d85c6,#3d85c6,#3d85c6,#3d85c6,#000000,#ffffff,#ffffff,#783f04,#783f04,#783f04,#783f04,#ffffff,#ffffff,#ffffff,#ffffff,#ffffff,#ffffff,#ffffff,#ffffff,#ffffff,#ffffff,#ffffff,#ffffff,#ffffff,#ffffff,#ffffff,#ffffff,#ffffff,#ffffff,#ffffff,#ffffff,#ffffff,#ffffff,#ffffff,#ffffff,#ffffff
#ffffff,#ffffff,#ffffff,#ffffff,#ffffff,#ffffff,#ffffff,#ffffff,#ffffff,#ffffff,#ffffff,#ffffff,#ffffff,#ffffff,#ffffff,#ffffff,#ffffff,#ffffff,#ffffff,#ffffff,#ffffff,#ffffff,#ffffff,#783f04,#e09b79,#e09b79,#e09b79,#783f04,#3d85c6,#3d85c6,#000000,#3d85c6,#3d85c6,#3d85c6,#3d85c6,#3d85c6,#3d85c6,#000000,#000000,#3d85c6,#3d85c6,#3d85c6,#3d85c6,#000000,#ffffff,#ffffff,#ffffff,#ffffff,#ffffff,#ffffff,#ffffff,#ffffff,#ffffff,#ffffff,#ffffff,#ffffff,#ffffff,#ffffff,#ffffff,#ffffff,#ffffff,#ffffff,#ffffff,#ffffff,#ffffff,#ffffff,#ffffff,#ffffff,#ffffff,#ffffff,#ffffff,#ffffff,#ffffff,#ffffff,#ffffff
#ffffff,#ffffff,#ffffff,#ffffff,#ffffff,#ffffff,#ffffff,#ffffff,#ffffff,#ffffff,#ffffff,#ffffff,#ffffff,#ffffff,#ffffff,#ffffff,#ffffff,#ffffff,#ffffff,#ffffff,#ffffff,#ffffff,#ffffff,#783f04,#e09b79,#e09b79,#e09b79,#783f04,#000000,#3d85c6,#3d85c6,#000000,#000000,#000000,#3d85c6,#3d85c6,#3d85c6,#3d85c6,#3d85c6,#000000,#3d85c6,#3d85c6,#3d85c6,#3d85c6,#000000,#ffffff,#ffffff,#ffffff,#ffffff,#ffffff,#ffffff,#ffffff,#ffffff,#ffffff,#ffffff,#ffffff,#ffffff,#ffffff,#ffffff,#ffffff,#ffffff,#ffffff,#ffffff,#ffffff,#ffffff,#ffffff,#ffffff,#ffffff,#ffffff,#ffffff,#ffffff,#ffffff,#ffffff,#ffffff,#ffffff
#ffffff,#ffffff,#ffffff,#ffffff,#ffffff,#ffffff,#ffffff,#ffffff,#ffffff,#ffffff,#ffffff,#ffffff,#ffffff,#ffffff,#ffffff,#ffffff,#ffffff,#ffffff,#ffffff,#ffffff,#ffffff,#ffffff,#ffffff,#ffffff,#783f04,#783f04,#783f04,#ffffff,#000000,#3d85c6,#3d85c6,#3d85c6,#3d85c6,#3d85c6,#000000,#3d85c6,#3d85c6,#3d85c6,#3d85c6,#000000,#3d85c6,#3d85c6,#3d85c6,#3d85c6,#000000,#ffffff,#ffffff,#ffffff,#ffffff,#ffffff,#ffffff,#ffffff,#ffffff,#ffffff,#ffffff,#ffffff,#ffffff,#ffffff,#ffffff,#ffffff,#ffffff,#ffffff,#ffffff,#ffffff,#ffffff,#ffffff,#ffffff,#ffffff,#ffffff,#ffffff,#ffffff,#ffffff,#ffffff,#ffffff,#ffffff
#ffffff,#ffffff,#ffffff,#ffffff,#ffffff,#ffffff,#ffffff,#ffffff,#ffffff,#ffffff,#ffffff,#ffffff,#ffffff,#ffffff,#ffffff,#ffffff,#ffffff,#ffffff,#ffffff,#ffffff,#ffffff,#ffffff,#ffffff,#ffffff,#ffffff,#ffffff,#ffffff,#ffffff,#000000,#3d85c6,#3d85c6,#3d85c6,#3d85c6,#3d85c6,#3d85c6,#000000,#000000,#3d85c6,#3d85c6,#000000,#3d85c6,#3d85c6,#3d85c6,#3d85c6,#000000,#ffffff,#ffffff,#ffffff,#ffffff,#ffffff,#ffffff,#ffffff,#ffffff,#ffffff,#ffffff,#ffffff,#ffffff,#ffffff,#ffffff,#ffffff,#ffffff,#ffffff,#ffffff,#ffffff,#ffffff,#ffffff,#ffffff,#ffffff,#ffffff,#ffffff,#ffffff,#ffffff,#ffffff,#ffffff,#ffffff
#ffffff,#ffffff,#ffffff,#ffffff,#ffffff,#ffffff,#ffffff,#ffffff,#ffffff,#ffffff,#ffffff,#ffffff,#ffffff,#ffffff,#ffffff,#ffffff,#ffffff,#ffffff,#ffffff,#ffffff,#ffffff,#ffffff,#ffffff,#ffffff,#ffffff,#ffffff,#ffffff,#ffffff,#000000,#3d85c6,#3d85c6,#3d85c6,#3d85c6,#3d85c6,#000000,#3d85c6,#3d85c6,#000000,#000000,#3d85c6,#000000,#3d85c6,#3d85c6,#000000,#3d85c6,#000000,#ffffff,#ffffff,#ffffff,#ffffff,#ffffff,#ffffff,#ffffff,#ffffff,#ffffff,#ffffff,#ffffff,#ffffff,#ffffff,#ffffff,#ffffff,#ffffff,#ffffff,#ffffff,#ffffff,#ffffff,#ffffff,#ffffff,#ffffff,#ffffff,#ffffff,#ffffff,#ffffff,#ffffff,#ffffff
#ffffff,#ffffff,#ffffff,#ffffff,#ffffff,#ffffff,#ffffff,#ffffff,#ffffff,#ffffff,#ffffff,#ffffff,#ffffff,#ffffff,#ffffff,#ffffff,#ffffff,#ffffff,#ffffff,#ffffff,#ffffff,#ffffff,#ffffff,#ffffff,#ffffff,#ffffff,#ffffff,#ffffff,#ffffff,#000000,#3d85c6,#3d85c6,#3d85c6,#3d85c6,#000000,#3d85c6,#3d85c6,#3d85c6,#3d85c6,#3d85c6,#3d85c6,#000000,#3d85c6,#000000,#3d85c6,#000000,#ffffff,#ffffff,#ffffff,#ffffff,#ffffff,#ffffff,#ffffff,#ffffff,#ffffff,#ffffff,#ffffff,#ffffff,#ffffff,#ffffff,#ffffff,#ffffff,#ffffff,#ffffff,#ffffff,#ffffff,#ffffff,#ffffff,#ffffff,#ffffff,#ffffff,#ffffff,#ffffff,#ffffff,#ffffff
#ffffff,#ffffff,#ffffff,#ffffff,#ffffff,#ffffff,#ffffff,#ffffff,#ffffff,#ffffff,#ffffff,#ffffff,#ffffff,#ffffff,#ffffff,#ffffff,#ffffff,#ffffff,#ffffff,#ffffff,#ffffff,#ffffff,#ffffff,#ffffff,#ffffff,#ffffff,#ffffff,#ffffff,#ffffff,#000000,#3d85c6,#3d85c6,#3d85c6,#3d85c6,#3d85c6,#000000,#3d85c6,#3d85c6,#3d85c6,#3d85c6,#3d85c6,#000000,#3d85c6,#000000,#3d85c6,#000000,#ffffff,#ffffff,#ffffff,#ffffff,#ffffff,#ffffff,#ffffff,#ffffff,#ffffff,#ffffff,#ffffff,#ffffff,#ffffff,#ffffff,#ffffff,#ffffff,#ffffff,#ffffff,#ffffff,#ffffff,#ffffff,#ffffff,#ffffff,#ffffff,#ffffff,#ffffff,#ffffff,#ffffff,#ffffff
#ffffff,#ffffff,#ffffff,#ffffff,#ffffff,#ffffff,#ffffff,#ffffff,#ffffff,#ffffff,#ffffff,#ffffff,#ffffff,#ffffff,#ffffff,#ffffff,#ffffff,#ffffff,#ffffff,#ffffff,#ffffff,#ffffff,#ffffff,#ffffff,#ffffff,#ffffff,#ffffff,#ffffff,#ffffff,#000000,#3d85c6,#3d85c6,#3d85c6,#3d85c6,#3d85c6,#3d85c6,#000000,#3d85c6,#3d85c6,#3d85c6,#3d85c6,#3d85c6,#000000,#3d85c6,#3d85c6,#000000,#ffffff,#ffffff,#ffffff,#ffffff,#ffffff,#ffffff,#ffffff,#ffffff,#ffffff,#ffffff,#ffffff,#ffffff,#ffffff,#ffffff,#ffffff,#ffffff,#ffffff,#ffffff,#ffffff,#ffffff,#ffffff,#ffffff,#ffffff,#ffffff,#ffffff,#ffffff,#ffffff,#ffffff,#ffffff
#ffffff,#ffffff,#ffffff,#ffffff,#ffffff,#ffffff,#ffffff,#ffffff,#ffffff,#ffffff,#ffffff,#ffffff,#ffffff,#ffffff,#ffffff,#ffffff,#ffffff,#ffffff,#ffffff,#ffffff,#ffffff,#ffffff,#ffffff,#ffffff,#ffffff,#ffffff,#ffffff,#ffffff,#ffffff,#ffffff,#000000,#3d85c6,#3d85c6,#3d85c6,#3d85c6,#3d85c6,#3d85c6,#3d85c6,#3d85c6,#3d85c6,#3d85c6,#3d85c6,#000000,#3d85c6,#3d85c6,#3d85c6,#000000,#ffffff,#ffffff,#ffffff,#ffffff,#ffffff,#ffffff,#ffffff,#ffffff,#ffffff,#ffffff,#ffffff,#ffffff,#ffffff,#ffffff,#ffffff,#ffffff,#ffffff,#ffffff,#ffffff,#ffffff,#ffffff,#ffffff,#ffffff,#ffffff,#ffffff,#ffffff,#ffffff,#ffffff
#ffffff,#ffffff,#ffffff,#ffffff,#ffffff,#ffffff,#ffffff,#ffffff,#ffffff,#ffffff,#ffffff,#ffffff,#ffffff,#ffffff,#ffffff,#ffffff,#ffffff,#ffffff,#ffffff,#ffffff,#ffffff,#ffffff,#ffffff,#ffffff,#ffffff,#ffffff,#ffffff,#ffffff,#ffffff,#ffffff,#000000,#3d85c6,#3d85c6,#3d85c6,#3d85c6,#3d85c6,#3d85c6,#3d85c6,#3d85c6,#3d85c6,#3d85c6,#000000,#3d85c6,#3d85c6,#3d85c6,#3d85c6,#000000,#ffffff,#ffffff,#ffffff,#ffffff,#ffffff,#ffffff,#ffffff,#ffffff,#ffffff,#ffffff,#ffffff,#ffffff,#ffffff,#ffffff,#ffffff,#ffffff,#ffffff,#ffffff,#ffffff,#ffffff,#ffffff,#ffffff,#ffffff,#ffffff,#ffffff,#ffffff,#ffffff,#ffffff
#ffffff,#ffffff,#ffffff,#ffffff,#ffffff,#ffffff,#ffffff,#ffffff,#ffffff,#ffffff,#ffffff,#ffffff,#ffffff,#ffffff,#ffffff,#ffffff,#ffffff,#ffffff,#ffffff,#ffffff,#ffffff,#ffffff,#ffffff,#ffffff,#ffffff,#ffffff,#ffffff,#ffffff,#ffffff,#000000,#3d85c6,#000000,#3d85c6,#3d85c6,#3d85c6,#3d85c6,#3d85c6,#3d85c6,#3d85c6,#3d85c6,#3d85c6,#000000,#3d85c6,#3d85c6,#3d85c6,#3d85c6,#000000,#ffffff,#ffffff,#ffffff,#ffffff,#ffffff,#ffffff,#ffffff,#ffffff,#ffffff,#ffffff,#ffffff,#ffffff,#ffffff,#ffffff,#ffffff,#ffffff,#ffffff,#ffffff,#ffffff,#ffffff,#ffffff,#ffffff,#ffffff,#ffffff,#ffffff,#ffffff,#ffffff,#ffffff
#ffffff,#ffffff,#ffffff,#ffffff,#ffffff,#ffffff,#ffffff,#ffffff,#ffffff,#ffffff,#ffffff,#ffffff,#ffffff,#ffffff,#ffffff,#ffffff,#ffffff,#ffffff,#ffffff,#ffffff,#ffffff,#ffffff,#ffffff,#ffffff,#ffffff,#ffffff,#ffffff,#ffffff,#000000,#3d85c6,#3d85c6,#3d85c6,#3d85c6,#3d85c6,#3d85c6,#3d85c6,#3d85c6,#3d85c6,#3d85c6,#3d85c6,#3d85c6,#000000,#000000,#3d85c6,#3d85c6,#3d85c6,#000000,#ffffff,#ffffff,#ffffff,#ffffff,#ffffff,#ffffff,#ffffff,#ffffff,#ffffff,#ffffff,#ffffff,#ffffff,#ffffff,#ffffff,#ffffff,#ffffff,#ffffff,#ffffff,#ffffff,#ffffff,#ffffff,#ffffff,#ffffff,#ffffff,#ffffff,#ffffff,#ffffff,#ffffff
#ffffff,#ffffff,#ffffff,#ffffff,#ffffff,#ffffff,#ffffff,#ffffff,#ffffff,#ffffff,#ffffff,#ffffff,#ffffff,#ffffff,#ffffff,#ffffff,#ffffff,#ffffff,#ffffff,#ffffff,#ffffff,#ffffff,#ffffff,#ffffff,#ffffff,#ffffff,#ffffff,#ffffff,#ffffff,#000000,#000000,#000000,#000000,#000000,#3d85c6,#3d85c6,#3d85c6,#3d85c6,#000000,#000000,#000000,#ffffff,#ffffff,#000000,#3d85c6,#000000,#ffffff,#ffffff,#ffffff,#ffffff,#ffffff,#ffffff,#ffffff,#ffffff,#ffffff,#ffffff,#ffffff,#ffffff,#ffffff,#ffffff,#ffffff,#ffffff,#ffffff,#ffffff,#ffffff,#ffffff,#ffffff,#ffffff,#ffffff,#ffffff,#ffffff,#ffffff,#ffffff,#ffffff,#ffffff
#ffffff,#ffffff,#ffffff,#ffffff,#ffffff,#ffffff,#ffffff,#ffffff,#ffffff,#ffffff,#ffffff,#ffffff,#ffffff,#ffffff,#ffffff,#ffffff,#ffffff,#ffffff,#ffffff,#ffffff,#ffffff,#ffffff,#ffffff,#ffffff,#ffffff,#ffffff,#ffffff,#ffffff,#ffffff,#ffffff,#ffffff,#ffffff,#ffffff,#ffffff,#000000,#000000,#000000,#000000,#000000,#ffffff,#ffffff,#ffffff,#ffffff,#ffffff,#ffffff,#ffffff,#ffffff,#ffffff,#ffffff,#ffffff,#ffffff,#ffffff,#ffffff,#ffffff,#ffffff,#ffffff,#ffffff,#ffffff,#ffffff,#ffffff,#ffffff,#ffffff,#ffffff,#ffffff,#ffffff,#ffffff,#ffffff,#ffffff,#ffffff,#ffffff,#ffffff,#ffffff,#ffffff,#ffffff,#ffffff
#ffffff,#ffffff,#ffffff,#ffffff,#ffffff,#ffffff,#ffffff,#ffffff,#ffffff,#ffffff,#ffffff,#ffffff,#ffffff,#ffffff,#ffffff,#ffffff,#ffffff,#ffffff,#ffffff,#ffffff,#ffffff,#ffffff,#ffffff,#ffffff,#ffffff,#ffffff,#ffffff,#ffffff,#ffffff,#ffffff,#ffffff,#ffffff,#ffffff,#ffffff,#ffffff,#ffffff,#ffffff,#ffffff,#ffffff,#ffffff,#ffffff,#ffffff,#ffffff,#ffffff,#ffffff,#ffffff,#ffffff,#ffffff,#ffffff,#ffffff,#ffffff,#ffffff,#ffffff,#ffffff,#ffffff,#ffffff,#ffffff,#ffffff,#ffffff,#ffffff,#ffffff,#ffffff,#ffffff,#ffffff,#ffffff,#ffffff,#ffffff,#ffffff,#ffffff,#ffffff,#ffffff,#ffffff,#ffffff,#ffffff,#ffffff
#ffffff,#ffffff,#ffffff,#ffffff,#ffffff,#ffffff,#ffffff,#ffffff,#ffffff,#ffffff,#ffffff,#ffffff,#ffffff,#ffffff,#ffffff,#ffffff,#ffffff,#ffffff,#ffffff,#ffffff,#ffffff,#ffffff,#ffffff,#ffffff,#ffffff,#ffffff,#ffffff,#ffffff,#ffffff,#ffffff,#ffffff,#ffffff,#ffffff,#ffffff,#ffffff,#ffffff,#ffffff,#ffffff,#ffffff,#ffffff,#ffffff,#ffffff,#ffffff,#ffffff,#ffffff,#ffffff,#ffffff,#ffffff,#ffffff,#ffffff,#ffffff,#ffffff,#ffffff,#ffffff,#ffffff,#ffffff,#ffffff,#ffffff,#ffffff,#ffffff,#ffffff,#ffffff,#ffffff,#ffffff,#ffffff,#ffffff,#ffffff,#ffffff,#ffffff,#ffffff,#ffffff,#ffffff,#ffffff,#ffffff,#ffffff
#ffffff,#ffffff,#ffffff,#ffffff,#ffffff,#ffffff,#ffffff,#ffffff,#ffffff,#ffffff,#ffffff,#ffffff,#ffffff,#ffffff,#ffffff,#ffffff,#ffffff,#ffffff,#ffffff,#ffffff,#ffffff,#ffffff,#ffffff,#ffffff,#ffffff,#ffffff,#ffffff,#ffffff,#ffffff,#ffffff,#ffffff,#ffffff,#ffffff,#ffffff,#ffffff,#ffffff,#ffffff,#ffffff,#ffffff,#ffffff,#ffffff,#ffffff,#ffffff,#ffffff,#ffffff,#ffffff,#ffffff,#ffffff,#ffffff,#ffffff,#ffffff,#ffffff,#ffffff,#ffffff,#ffffff,#ffffff,#ffffff,#ffffff,#ffffff,#ffffff,#ffffff,#ffffff,#ffffff,#ffffff,#ffffff,#ffffff,#ffffff,#ffffff,#ffffff,#ffffff,#ffffff,#ffffff,#ffffff,#ffffff,#ffffff
#ffffff,#ffffff,#ffffff,#ffffff,#ffffff,#ffffff,#ffffff,#ffffff,#ffffff,#ffffff,#ffffff,#ffffff,#ffffff,#ffffff,#ffffff,#ffffff,#ffffff,#ffffff,#ffffff,#ffffff,#ffffff,#ffffff,#ffffff,#ffffff,#ffffff,#ffffff,#ffffff,#ffffff,#ffffff,#ffffff,#ffffff,#ffffff,#ffffff,#ffffff,#ffffff,#ffffff,#ffffff,#ffffff,#ffffff,#ffffff,#ffffff,#ffffff,#ffffff,#ffffff,#ffffff,#ffffff,#ffffff,#ffffff,#ffffff,#ffffff,#ffffff,#ffffff,#ffffff,#ffffff,#ffffff,#ffffff,#ffffff,#ffffff,#ffffff,#ffffff,#ffffff,#ffffff,#ffffff,#ffffff,#ffffff,#ffffff,#ffffff,#ffffff,#ffffff,#ffffff,#ffffff,#ffffff,#ffffff,#ffffff,#ffffff
#ffffff,#ffffff,#ffffff,#ffffff,#ffffff,#ffffff,#ffffff,#ffffff,#ffffff,#ffffff,#ffffff,#ffffff,#ffffff,#ffffff,#ffffff,#ffffff,#ffffff,#ffffff,#ffffff,#ffffff,#ffffff,#ffffff,#ffffff,#ffffff,#ffffff,#ffffff,#ffffff,#ffffff,#ffffff,#ffffff,#ffffff,#ffffff,#ffffff,#ffffff,#ffffff,#ffffff,#ffffff,#ffffff,#ffffff,#ffffff,#ffffff,#ffffff,#ffffff,#ffffff,#ffffff,#ffffff,#ffffff,#ffffff,#ffffff,#ffffff,#ffffff,#ffffff,#ffffff,#ffffff,#ffffff,#ffffff,#ffffff,#ffffff,#ffffff,#ffffff,#ffffff,#ffffff,#ffffff,#ffffff,#ffffff,#ffffff,#ffffff,#ffffff,#ffffff,#ffffff,#ffffff,#ffffff,#ffffff,#ffffff,#ffffff
#ffffff,#ffffff,#ffffff,#ffffff,#ffffff,#ffffff,#ffffff,#ffffff,#ffffff,#ffffff,#ffffff,#ffffff,#ffffff,#ffffff,#ffffff,#ffffff,#ffffff,#ffffff,#ffffff,#ffffff,#ffffff,#ffffff,#ffffff,#ffffff,#ffffff,#ffffff,#ffffff,#ffffff,#ffffff,#ffffff,#ffffff,#ffffff,#ffffff,#ffffff,#ffffff,#ffffff,#ffffff,#ffffff,#ffffff,#ffffff,#ffffff,#ffffff,#ffffff,#ffffff,#ffffff,#ffffff,#ffffff,#ffffff,#ffffff,#ffffff,#ffffff,#ffffff,#ffffff,#ffffff,#ffffff,#ffffff,#ffffff,#ffffff,#ffffff,#ffffff,#ffffff,#ffffff,#ffffff,#ffffff,#ffffff,#ffffff,#ffffff,#ffffff,#ffffff,#ffffff,#ffffff,#ffffff,#ffffff,#ffffff,#ffffff
#ffffff,#ffffff,#ffffff,#ffffff,#ffffff,#ffffff,#ffffff,#ffffff,#ffffff,#ffffff,#ffffff,#ffffff,#ffffff,#ffffff,#ffffff,#ffffff,#ffffff,#ffffff,#ffffff,#ffffff,#ffffff,#ffffff,#ffffff,#ffffff,#ffffff,#ffffff,#ffffff,#ffffff,#ffffff,#ffffff,#ffffff,#ffffff,#ffffff,#ffffff,#ffffff,#ffffff,#ffffff,#ffffff,#ffffff,#ffffff,#ffffff,#ffffff,#ffffff,#ffffff,#ffffff,#ffffff,#ffffff,#ffffff,#ffffff,#ffffff,#ffffff,#ffffff,#ffffff,#ffffff,#ffffff,#ffffff,#ffffff,#ffffff,#ffffff,#ffffff,#ffffff,#ffffff,#ffffff,#ffffff,#ffffff,#ffffff,#ffffff,#ffffff,#ffffff,#ffffff,#ffffff,#ffffff,#ffffff,#ffffff,#ffffff
#ffffff,#ffffff,#ffffff,#ffffff,#ffffff,#ffffff,#ffffff,#ffffff,#ffffff,#ffffff,#ffffff,#ffffff,#ffffff,#ffffff,#ffffff,#ffffff,#ffffff,#ffffff,#ffffff,#ffffff,#ffffff,#ffffff,#ffffff,#ffffff,#ffffff,#ffffff,#ffffff,#ffffff,#ffffff,#ffffff,#ffffff,#ffffff,#ffffff,#ffffff,#ffffff,#ffffff,#ffffff,#ffffff,#ffffff,#ffffff,#ffffff,#ffffff,#ffffff,#ffffff,#ffffff,#ffffff,#ffffff,#ffffff,#ffffff,#ffffff,#ffffff,#ffffff,#ffffff,#ffffff,#ffffff,#ffffff,#ffffff,#ffffff,#ffffff,#ffffff,#ffffff,#ffffff,#ffffff,#ffffff,#ffffff,#ffffff,#ffffff,#ffffff,#ffffff,#ffffff,#ffffff,#ffffff,#ffffff,#ffffff,#ffffff
#ffffff,#ffffff,#ffffff,#ffffff,#ffffff,#ffffff,#ffffff,#ffffff,#ffffff,#ffffff,#ffffff,#ffffff,#ffffff,#ffffff,#ffffff,#ffffff,#ffffff,#ffffff,#ffffff,#ffffff,#ffffff,#ffffff,#ffffff,#ffffff,#ffffff,#ffffff,#ffffff,#ffffff,#ffffff,#ffffff,#ffffff,#ffffff,#ffffff,#ffffff,#ffffff,#ffffff,#ffffff,#ffffff,#ffffff,#ffffff,#ffffff,#ffffff,#ffffff,#ffffff,#ffffff,#ffffff,#ffffff,#ffffff,#ffffff,#ffffff,#ffffff,#ffffff,#ffffff,#ffffff,#ffffff,#ffffff,#ffffff,#ffffff,#ffffff,#ffffff,#ffffff,#ffffff,#ffffff,#ffffff,#ffffff,#ffffff,#ffffff,#ffffff,#ffffff,#ffffff,#ffffff,#ffffff,#ffffff,#ffffff,#ffffff
#ffffff,#ffffff,#ffffff,#ffffff,#ffffff,#ffffff,#ffffff,#ffffff,#ffffff,#ffffff,#ffffff,#ffffff,#ffffff,#ffffff,#ffffff,#ffffff,#ffffff,#ffffff,#ffffff,#ffffff,#ffffff,#ffffff,#ffffff,#ffffff,#ffffff,#ffffff,#ffffff,#ffffff,#ffffff,#ffffff,#ffffff,#ffffff,#ffffff,#ffffff,#ffffff,#ffffff,#ffffff,#ffffff,#ffffff,#ffffff,#ffffff,#ffffff,#ffffff,#ffffff,#ffffff,#ffffff,#ffffff,#ffffff,#ffffff,#ffffff,#ffffff,#ffffff,#ffffff,#ffffff,#ffffff,#ffffff,#ffffff,#ffffff,#ffffff,#ffffff,#ffffff,#ffffff,#ffffff,#ffffff,#ffffff,#ffffff,#ffffff,#ffffff,#ffffff,#ffffff,#ffffff,#ffffff,#ffffff,#ffffff,#ffffff
#ffffff,#ffffff,#ffffff,#ffffff,#ffffff,#ffffff,#ffffff,#ffffff,#ffffff,#ffffff,#ffffff,#ffffff,#ffffff,#ffffff,#ffffff,#ffffff,#ffffff,#ffffff,#ffffff,#ffffff,#ffffff,#ffffff,#ffffff,#ffffff,#ffffff,#ffffff,#ffffff,#ffffff,#ffffff,#ffffff,#ffffff,#ffffff,#ffffff,#ffffff,#ffffff,#ffffff,#ffffff,#ffffff,#ffffff,#ffffff,#ffffff,#ffffff,#ffffff,#ffffff,#ffffff,#ffffff,#ffffff,#ffffff,#ffffff,#ffffff,#ffffff,#ffffff,#ffffff,#ffffff,#ffffff,#ffffff,#ffffff,#ffffff,#ffffff,#ffffff,#ffffff,#ffffff,#ffffff,#ffffff,#ffffff,#ffffff,#ffffff,#ffffff,#ffffff,#ffffff,#ffffff,#ffffff,#ffffff,#ffffff,#ffffff
#ffffff,#ffffff,#ffffff,#ffffff,#ffffff,#ffffff,#ffffff,#ffffff,#ffffff,#ffffff,#ffffff,#ffffff,#ffffff,#ffffff,#ffffff,#ffffff,#ffffff,#ffffff,#ffffff,#ffffff,#ffffff,#ffffff,#ffffff,#ffffff,#ffffff,#ffffff,#ffffff,#ffffff,#ffffff,#ffffff,#ffffff,#ffffff,#ffffff,#ffffff,#ffffff,#ffffff,#ffffff,#ffffff,#ffffff,#ffffff,#ffffff,#ffffff,#ffffff,#ffffff,#ffffff,#ffffff,#ffffff,#ffffff,#ffffff,#ffffff,#ffffff,#ffffff,#ffffff,#ffffff,#ffffff,#ffffff,#ffffff,#ffffff,#ffffff,#ffffff,#ffffff,#ffffff,#ffffff,#ffffff,#ffffff,#ffffff,#ffffff,#ffffff,#ffffff,#ffffff,#ffffff,#ffffff,#ffffff,#ffffff,#ffffff
#ffffff,#ffffff,#ffffff,#ffffff,#ffffff,#ffffff,#ffffff,#ffffff,#ffffff,#ffffff,#ffffff,#ffffff,#ffffff,#ffffff,#ffffff,#ffffff,#ffffff,#ffffff,#ffffff,#ffffff,#ffffff,#ffffff,#ffffff,#ffffff,#ffffff,#ffffff,#ffffff,#ffffff,#ffffff,#ffffff,#ffffff,#ffffff,#ffffff,#ffffff,#ffffff,#ffffff,#ffffff,#ffffff,#ffffff,#ffffff,#ffffff,#ffffff,#ffffff,#ffffff,#ffffff,#ffffff,#ffffff,#ffffff,#ffffff,#ffffff,#ffffff,#ffffff,#ffffff,#ffffff,#ffffff,#ffffff,#ffffff,#ffffff,#ffffff,#ffffff,#ffffff,#ffffff,#ffffff,#ffffff,#ffffff,#ffffff,#ffffff,#ffffff,#ffffff,#ffffff,#ffffff,#ffffff,#ffffff,#ffffff,#ffffff
#ffffff,#ffffff,#ffffff,#ffffff,#ffffff,#ffffff,#ffffff,#ffffff,#ffffff,#ffffff,#ffffff,#ffffff,#ffffff,#ffffff,#ffffff,#ffffff,#ffffff,#ffffff,#ffffff,#ffffff,#ffffff,#ffffff,#ffffff,#ffffff,#ffffff,#ffffff,#ffffff,#ffffff,#ffffff,#ffffff,#ffffff,#ffffff,#ffffff,#ffffff,#ffffff,#ffffff,#ffffff,#ffffff,#ffffff,#ffffff,#ffffff,#ffffff,#ffffff,#ffffff,#ffffff,#ffffff,#ffffff,#ffffff,#ffffff,#ffffff,#ffffff,#ffffff,#ffffff,#ffffff,#ffffff,#ffffff,#ffffff,#ffffff,#ffffff,#ffffff,#ffffff,#ffffff,#ffffff,#ffffff,#ffffff,#ffffff,#ffffff,#ffffff,#ffffff,#ffffff,#ffffff,#ffffff,#ffffff,#ffffff,#ffffff
#ffffff,#ffffff,#ffffff,#ffffff,#ffffff,#ffffff,#ffffff,#ffffff,#ffffff,#ffffff,#ffffff,#ffffff,#ffffff,#ffffff,#ffffff,#ffffff,#ffffff,#ffffff,#ffffff,#ffffff,#ffffff,#ffffff,#ffffff,#ffffff,#ffffff,#ffffff,#ffffff,#ffffff,#ffffff,#ffffff,#ffffff,#ffffff,#ffffff,#ffffff,#ffffff,#ffffff,#ffffff,#ffffff,#ffffff,#ffffff,#ffffff,#ffffff,#ffffff,#ffffff,#ffffff,#ffffff,#ffffff,#ffffff,#ffffff,#ffffff,#ffffff,#ffffff,#ffffff,#ffffff,#ffffff,#ffffff,#ffffff,#ffffff,#ffffff,#ffffff,#ffffff,#ffffff,#ffffff,#ffffff,#ffffff,#ffffff,#ffffff,#ffffff,#ffffff,#ffffff,#ffffff,#ffffff,#ffffff,#ffffff,#ffffff
#ffffff,#ffffff,#ffffff,#ffffff,#ffffff,#ffffff,#ffffff,#ffffff,#ffffff,#ffffff,#ffffff,#ffffff,#ffffff,#ffffff,#ffffff,#ffffff,#ffffff,#ffffff,#ffffff,#ffffff,#ffffff,#ffffff,#ffffff,#ffffff,#ffffff,#ffffff,#ffffff,#ffffff,#ffffff,#ffffff,#ffffff,#ffffff,#ffffff,#ffffff,#ffffff,#ffffff,#ffffff,#ffffff,#ffffff,#ffffff,#ffffff,#ffffff,#ffffff,#ffffff,#ffffff,#ffffff,#ffffff,#ffffff,#ffffff,#ffffff,#ffffff,#ffffff,#ffffff,#ffffff,#ffffff,#ffffff,#ffffff,#ffffff,#ffffff,#ffffff,#ffffff,#ffffff,#ffffff,#ffffff,#ffffff,#ffffff,#ffffff,#ffffff,#ffffff,#ffffff,#ffffff,#ffffff,#ffffff,#ffffff,#ffffff
#ffffff,#ffffff,#ffffff,#ffffff,#ffffff,#ffffff,#ffffff,#ffffff,#ffffff,#ffffff,#ffffff,#ffffff,#ffffff,#ffffff,#ffffff,#ffffff,#ffffff,#ffffff,#ffffff,#ffffff,#ffffff,#ffffff,#ffffff,#ffffff,#ffffff,#ffffff,#ffffff,#ffffff,#ffffff,#ffffff,#ffffff,#ffffff,#ffffff,#ffffff,#ffffff,#ffffff,#ffffff,#ffffff,#ffffff,#ffffff,#ffffff,#ffffff,#ffffff,#ffffff,#ffffff,#ffffff,#ffffff,#ffffff,#ffffff,#ffffff,#ffffff,#ffffff,#ffffff,#ffffff,#ffffff,#ffffff,#ffffff,#ffffff,#ffffff,#ffffff,#ffffff,#ffffff,#ffffff,#ffffff,#ffffff,#ffffff,#ffffff,#ffffff,#ffffff,#ffffff,#ffffff,#ffffff,#ffffff,#ffffff,#ffffff
#ffffff,#ffffff,#ffffff,#ffffff,#ffffff,#ffffff,#ffffff,#ffffff,#ffffff,#ffffff,#ffffff,#ffffff,#ffffff,#ffffff,#ffffff,#ffffff,#ffffff,#ffffff,#ffffff,#ffffff,#ffffff,#ffffff,#ffffff,#ffffff,#ffffff,#ffffff,#ffffff,#ffffff,#ffffff,#ffffff,#ffffff,#ffffff,#ffffff,#ffffff,#ffffff,#ffffff,#ffffff,#ffffff,#ffffff,#ffffff,#ffffff,#ffffff,#ffffff,#ffffff,#ffffff,#ffffff,#ffffff,#ffffff,#ffffff,#ffffff,#ffffff,#ffffff,#ffffff,#ffffff,#ffffff,#ffffff,#ffffff,#ffffff,#ffffff,#ffffff,#ffffff,#ffffff,#ffffff,#ffffff,#ffffff,#ffffff,#ffffff,#ffffff,#ffffff,#ffffff,#ffffff,#ffffff,#ffffff,#ffffff,#ffffff
#ffffff,#ffffff,#ffffff,#ffffff,#ffffff,#ffffff,#ffffff,#ffffff,#ffffff,#ffffff,#ffffff,#ffffff,#ffffff,#ffffff,#ffffff,#ffffff,#ffffff,#ffffff,#ffffff,#ffffff,#ffffff,#ffffff,#ffffff,#ffffff,#ffffff,#ffffff,#ffffff,#ffffff,#ffffff,#ffffff,#ffffff,#ffffff,#ffffff,#ffffff,#ffffff,#ffffff,#ffffff,#ffffff,#ffffff,#ffffff,#ffffff,#ffffff,#ffffff,#ffffff,#ffffff,#ffffff,#ffffff,#ffffff,#ffffff,#ffffff,#ffffff,#ffffff,#ffffff,#ffffff,#ffffff,#ffffff,#ffffff,#ffffff,#ffffff,#ffffff,#ffffff,#ffffff,#ffffff,#ffffff,#ffffff,#ffffff,#ffffff,#ffffff,#ffffff,#ffffff,#ffffff,#ffffff,#ffffff,#ffffff,#ffffff
#ffffff,#ffffff,#ffffff,#ffffff,#ffffff,#ffffff,#ffffff,#ffffff,#ffffff,#ffffff,#ffffff,#ffffff,#ffffff,#ffffff,#ffffff,#ffffff,#ffffff,#ffffff,#ffffff,#ffffff,#ffffff,#ffffff,#ffffff,#ffffff,#ffffff,#ffffff,#ffffff,#ffffff,#ffffff,#ffffff,#ffffff,#ffffff,#ffffff,#ffffff,#ffffff,#ffffff,#ffffff,#ffffff,#ffffff,#ffffff,#ffffff,#ffffff,#ffffff,#ffffff,#ffffff,#ffffff,#ffffff,#ffffff,#ffffff,#ffffff,#ffffff,#ffffff,#ffffff,#ffffff,#ffffff,#ffffff,#ffffff,#ffffff,#ffffff,#ffffff,#ffffff,#ffffff,#ffffff,#ffffff,#ffffff,#ffffff,#ffffff,#ffffff,#ffffff,#ffffff,#ffffff,#ffffff,#ffffff,#ffffff,#ffffff
#ffffff,#ffffff,#ffffff,#ffffff,#ffffff,#ffffff,#ffffff,#ffffff,#ffffff,#ffffff,#ffffff,#ffffff,#ffffff,#ffffff,#ffffff,#ffffff,#ffffff,#ffffff,#ffffff,#ffffff,#ffffff,#ffffff,#ffffff,#ffffff,#ffffff,#ffffff,#ffffff,#ffffff,#ffffff,#ffffff,#ffffff,#ffffff,#ffffff,#ffffff,#ffffff,#ffffff,#ffffff,#ffffff,#ffffff,#ffffff,#ffffff,#ffffff,#ffffff,#ffffff,#ffffff,#ffffff,#ffffff,#ffffff,#ffffff,#ffffff,#ffffff,#ffffff,#ffffff,#ffffff,#ffffff,#ffffff,#ffffff,#ffffff,#ffffff,#ffffff,#ffffff,#ffffff,#ffffff,#ffffff,#ffffff,#ffffff,#ffffff,#ffffff,#ffffff,#ffffff,#ffffff,#ffffff,#ffffff,#ffffff,#ffffff
